Workbook
Name Slicer_Demand_Level1: #N/A
Name Slicer_Weather_Condition1: #N/A
Name Slicer_Weekday1: #N/A

Sheet Final_Combined_Dataset
A1: Instant | B1: Date | C1: Season | D1: Month | E1: Hr | F1: Holiday | G1: Weekday | H1: Weathersit | I1: Temp | J1: ATemp | K1: Hum | L1: Windspeed | M1: Casual | N1: Registered | O1: Cnt
A2: 1 | B2: 40544 | C2: =IF(OR(B2>=DATE(YEAR(B2),12,21), B2<DATE(YEAR(B2),3,20)), "Winter", IF(OR(B2>=DATE(YEAR(B2),3,20), B2<DATE(YEAR(B2),6,21)), "Spring", IF(OR(B2>=DATE(YEAR(B2),6,21), B2<DATE(YEAR(B2),9,23)), "Summer", "Fall"))) -> Winter | D2: =TEXT(B2,"mmmm") -> January | E2: 0 | F2: FALSE | G2: =TEXT(B2,"dddd") -> Saturday | H2: Clear | I2: 0.24 | J2: 0.2879 | K2: 0.81 | L2: 0 | M2: 3 | N2: 13 | O2: 16
A3: 2 | B3: 40544 | C3: =IF(OR(B3>=DATE(YEAR(B3),12,21), B3<DATE(YEAR(B3),3,20)), "Winter", IF(OR(B3>=DATE(YEAR(B3),3,20), B3<DATE(YEAR(B3),6,21)), "Spring", IF(OR(B3>=DATE(YEAR(B3),6,21), B3<DATE(YEAR(B3),9,23)), "Summer", "Fall"))) -> Winter | D3: =TEXT(B3,"mmmm") -> January | E3: 1 | F3: FALSE | G3: =TEXT(B3,"dddd") -> Saturday | H3: Clear | I3: 0.22 | J3: 0.2727 | K3: 0.8 | L3: 0 | M3: 8 | N3: 32 | O3: 40
A4: 3 | B4: 40544 | C4: =IF(OR(B4>=DATE(YEAR(B4),12,21), B4<DATE(YEAR(B4),3,20)), "Winter", IF(OR(B4>=DATE(YEAR(B4),3,20), B4<DATE(YEAR(B4),6,21)), "Spring", IF(OR(B4>=DATE(YEAR(B4),6,21), B4<DATE(YEAR(B4),9,23)), "Summer", "Fall"))) -> Winter | D4: =TEXT(B4,"mmmm") -> January | E4: 2 | F4: FALSE | G4: =TEXT(B4,"dddd") -> Saturday | H4: Clear | I4: 0.22 | J4: 0.2727 | K4: 0.8 | L4: 0 | M4: 5 | N4: 27 | O4: 32
A5: 4 | B5: 40544 | C5: =IF(OR(B5>=DATE(YEAR(B5),12,21), B5<DATE(YEAR(B5),3,20)), "Winter", IF(OR(B5>=DATE(YEAR(B5),3,20), B5<DATE(YEAR(B5),6,21)), "Spring", IF(OR(B5>=DATE(YEAR(B5),6,21), B5<DATE(YEAR(B5),9,23)), "Summer", "Fall"))) -> Winter | D5: =TEXT(B5,"mmmm") -> January | E5: 3 | F5: FALSE | G5: =TEXT(B5,"dddd") -> Saturday | H5: Clear | I5: 0.24 | J5: 0.2879 | K5: 0.75 | L5: 0 | M5: 3 | N5: 10 | O5: 13
A6: 5 | B6: 40544 | C6: =IF(OR(B6>=DATE(YEAR(B6),12,21), B6<DATE(YEAR(B6),3,20)), "Winter", IF(OR(B6>=DATE(YEAR(B6),3,20), B6<DATE(YEAR(B6),6,21)), "Spring", IF(OR(B6>=DATE(YEAR(B6),6,21), B6<DATE(YEAR(B6),9,23)), "Summer", "Fall"))) -> Winter | D6: =TEXT(B6,"mmmm") -> January | E6: 4 | F6: FALSE | G6: =TEXT(B6,"dddd") -> Saturday | H6: Clear | I6: 0.24 | J6: 0.2879 | K6: 0.75 | L6: 0 | M6: 0 | N6: 1 | O6: 1
A7: 6 | B7: 40544 | C7: =IF(OR(B7>=DATE(YEAR(B7),12,21), B7<DATE(YEAR(B7),3,20)), "Winter", IF(OR(B7>=DATE(YEAR(B7),3,20), B7<DATE(YEAR(B7),6,21)), "Spring", IF(OR(B7>=DATE(YEAR(B7),6,21), B7<DATE(YEAR(B7),9,23)), "Summer", "Fall"))) -> Winter | D7: =TEXT(B7,"mmmm") -> January | E7: 5 | F7: FALSE | G7: =TEXT(B7,"dddd") -> Saturday | H7: Mist | I7: 0.24 | J7: 0.2576 | K7: 0.75 | L7: 0.0896 | M7: 0 | N7: 1 | O7: 1
A8: 7 | B8: 40544 | C8: =IF(OR(B8>=DATE(YEAR(B8),12,21), B8<DATE(YEAR(B8),3,20)), "Winter", IF(OR(B8>=DATE(YEAR(B8),3,20), B8<DATE(YEAR(B8),6,21)), "Spring", IF(OR(B8>=DATE(YEAR(B8),6,21), B8<DATE(YEAR(B8),9,23)), "Summer", "Fall"))) -> Winter | D8: =TEXT(B8,"mmmm") -> January | E8: 6 | F8: FALSE | G8: =TEXT(B8,"dddd") -> Saturday | H8: Clear | I8: 0.22 | J8: 0.2727 | K8: 0.8 | L8: 0 | M8: 2 | N8: 0 | O8: 2
A9: 8 | B9: 40544 | C9: =IF(OR(B9>=DATE(YEAR(B9),12,21), B9<DATE(YEAR(B9),3,20)), "Winter", IF(OR(B9>=DATE(YEAR(B9),3,20), B9<DATE(YEAR(B9),6,21)), "Spring", IF(OR(B9>=DATE(YEAR(B9),6,21), B9<DATE(YEAR(B9),9,23)), "Summer", "Fall"))) -> Winter | D9: =TEXT(B9,"mmmm") -> January | E9: 7 | F9: FALSE | G9: =TEXT(B9,"dddd") -> Saturday | H9: Clear | I9: 0.2 | J9: 0.2576 | K9: 0.86 | L9: 0 | M9: 1 | N9: 2 | O9: 3
A10: 9 | B10: 40544 | C10: =IF(OR(B10>=DATE(YEAR(B10),12,21), B10<DATE(YEAR(B10),3,20)), "Winter", IF(OR(B10>=DATE(YEAR(B10),3,20), B10<DATE(YEAR(B10),6,21)), "Spring", IF(OR(B10>=DATE(YEAR(B10),6,21), B10<DATE(YEAR(B10),9,23)), "Summer", "Fall"))) -> Winter | D10: =TEXT(B10,"mmmm") -> January | E10: 8 | F10: FALSE | G10: =TEXT(B10,"dddd") -> Saturday | H10: Clear | I10: 0.24 | J10: 0.197 | K10: 0.75 | L10: 0 | M10: 1 | N10: 7 | O10: 8
A11: 10 | B11: 40544 | C11: =IF(OR(B11>=DATE(YEAR(B11),12,21), B11<DATE(YEAR(B11),3,20)), "Winter", IF(OR(B11>=DATE(YEAR(B11),3,20), B11<DATE(YEAR(B11),6,21)), "Spring", IF(OR(B11>=DATE(YEAR(B11),6,21), B11<DATE(YEAR(B11),9,23)), "Summer", "Fall"))) -> Winter | D11: =TEXT(B11,"mmmm") -> January | E11: 9 | F11: FALSE | G11: =TEXT(B11,"dddd") -> Saturday | H11: Clear | I11: 0.32 | J11: 0.3485 | K11: 0.76 | L11: 0 | M11: 8 | N11: 6 | O11: 14
A12: 11 | B12: 40544 | C12: =IF(OR(B12>=DATE(YEAR(B12),12,21), B12<DATE(YEAR(B12),3,20)), "Winter", IF(OR(B12>=DATE(YEAR(B12),3,20), B12<DATE(YEAR(B12),6,21)), "Spring", IF(OR(B12>=DATE(YEAR(B12),6,21), B12<DATE(YEAR(B12),9,23)), "Summer", "Fall"))) -> Winter | D12: =TEXT(B12,"mmmm") -> January | E12: 10 | F12: FALSE | G12: =TEXT(B12,"dddd") -> Saturday | H12: Clear | I12: 0.38 | J12: 0.3939 | K12: 0.76 | L12: 0.2537 | M12: 12 | N12: 24 | O12: 36
A13: 12 | B13: 40544 | C13: =IF(OR(B13>=DATE(YEAR(B13),12,21), B13<DATE(YEAR(B13),3,20)), "Winter", IF(OR(B13>=DATE(YEAR(B13),3,20), B13<DATE(YEAR(B13),6,21)), "Spring", IF(OR(B13>=DATE(YEAR(B13),6,21), B13<DATE(YEAR(B13),9,23)), "Summer", "Fall"))) -> Winter | D13: =TEXT(B13,"mmmm") -> January | E13: 11 | F13: FALSE | G13: =TEXT(B13,"dddd") -> Saturday | H13: Clear | I13: 0.36 | J13: 0.3333 | K13: 0.81 | L13: 0.2836 | M13: 26 | N13: 30 | O13: 56
... A1001: 1000 | B1001: 40588 | C1001: =IF(OR(B1001>=DATE(YEAR(B1001),12,21), B1001<DATE(YEAR(B1001),3,20)), "Winter", IF(OR(B1001>=DATE(YEAR(B1001),3,20), B1001<DATE(YEAR(B1001),6,21)), "Spring", IF(OR(B1001>=DATE(YEAR(B1001),6,21), B1001<DATE(YEAR(B1001),9,23)), "Summer", "Fall"))) -> Winter | D1001: =TEXT(B1001,"mmmm") -> February | E1001: 7 | F1001: FALSE | G1001: =TEXT(B1001,"dddd") -> Monday | H1001: Clear | I1001: 0.34 | J1001: 0.303 | K1001: 0.46 | L1001: 0.2985 | M1001: 2 | N1001: 96 | O1001: 98

Sheet Analysis_Helper
A1: Instant | B1: Date | C1: Weekday | D1: Day_Type | E1: Holiday | F1: Holiday_Type | G1: Hr | H1: Time_Slot | I1: Cnt | J1: Demand_Level | K1: User_Type_Dominant | L1: Weather_Condition
A2: 1 | B2: =INDEX(Final_Combined_Dataset!B:B, MATCH(Analysis_Helper!A2, Final_Combined_Dataset!A:A, 0)) -> 40544 | C2: =INDEX(Final_Combined_Dataset!G:G, MATCH(Analysis_Helper!A2, Final_Combined_Dataset!A:A, 0)) -> Saturday | D2: =IF(OR(TRIM(C2)="Saturday",TRIM(C2)="Sunday"),"Weekend","Weekday") -> Weekend | E2: =INDEX(Final_Combined_Dataset!F:F, MATCH(A2, Final_Combined_Dataset!A:A, 0)) -> FALSE | F2: =IF(E2=TRUE,"Holiday","Working Day") -> Working Day | G2: =INDEX(Final_Combined_Dataset!E:E, MATCH(A2, Final_Combined_Dataset!A:A, 0)) -> 0 | H2: =IF(G2<=4,"Night",IF(G2<=11,"Morning",IF(G2<=16,"Afternoon",IF(G2<=20,"Evening","Night")))) -> Night | I2: =INDEX(Final_Combined_Dataset!O:O, MATCH(A2, Final_Combined_Dataset!A:A, 0)) -> 16 | J2: =IF(I2<100,"Low",IF(I2<150,"Medium","High")) -> Low | K2: =IF(Final_Combined_Dataset!M2>Final_Combined_Dataset!N2, "Casual Users","Registered Users") -> Registered Users | L2: =IF(Final_Combined_Dataset!H2="Clear","Good To Go",IF(Final_Combined_Dataset!H2="Mist","Average",IF(Final_Combined_Dataset!H2="Light Snow","Bad",IF(Final_Combined_Dataset!H2="Heavy Snow","Very Risky")))) -> Good To Go
A3: 2 | B3: =INDEX(Final_Combined_Dataset!B:B, MATCH(Analysis_Helper!A3, Final_Combined_Dataset!A:A, 0)) -> 40544 | C3: =INDEX(Final_Combined_Dataset!G:G, MATCH(Analysis_Helper!A3, Final_Combined_Dataset!A:A, 0)) -> Saturday | D3: =IF(OR(TRIM(C3)="Saturday",TRIM(C3)="Sunday"),"Weekend","Weekday") -> Weekend | E3: =INDEX(Final_Combined_Dataset!F:F, MATCH(A3, Final_Combined_Dataset!A:A, 0)) -> FALSE | F3: =IF(E3=TRUE,"Holiday","Working Day") -> Working Day | G3: =INDEX(Final_Combined_Dataset!E:E, MATCH(A3, Final_Combined_Dataset!A:A, 0)) -> 1 | H3: =IF(G3<=4,"Night", IF(G3<=11,"Morning", IF(G3<=16,"Afternoon", IF(G3<=20,"Evening", "Night")))) -> Night | I3: =INDEX(Final_Combined_Dataset!O:O, MATCH(A3, Final_Combined_Dataset!A:A, 0)) -> 40 | J3: =IF(I3<100,"Low", IF(I3<150,"Medium","High")) -> Low | K3: =IF(Final_Combined_Dataset!M3>Final_Combined_Dataset!N3, "Casual Users","Registered Users") -> Registered Users | L3: =IF(Final_Combined_Dataset!H3="Clear","Good To Go",IF(Final_Combined_Dataset!H3="Mist","Average",IF(Final_Combined_Dataset!H3="Light Snow","Bad",IF(Final_Combined_Dataset!H3="Heavy Snow","Very Risky")))) -> Good To Go
A4: 3 | B4: =INDEX(Final_Combined_Dataset!B:B, MATCH(Analysis_Helper!A4, Final_Combined_Dataset!A:A, 0)) -> 40544 | C4: =INDEX(Final_Combined_Dataset!G:G, MATCH(Analysis_Helper!A4, Final_Combined_Dataset!A:A, 0)) -> Saturday | D4: =IF(OR(TRIM(C4)="Saturday",TRIM(C4)="Sunday"),"Weekend","Weekday") -> Weekend | E4: =INDEX(Final_Combined_Dataset!F:F, MATCH(A4, Final_Combined_Dataset!A:A, 0)) -> FALSE | F4: =IF(E4=TRUE,"Holiday","Working Day") -> Working Day | G4: =INDEX(Final_Combined_Dataset!E:E, MATCH(A4, Final_Combined_Dataset!A:A, 0)) -> 2 | H4: =IF(G4<=4,"Night", IF(G4<=11,"Morning", IF(G4<=16,"Afternoon", IF(G4<=20,"Evening", "Night")))) -> Night | I4: =INDEX(Final_Combined_Dataset!O:O, MATCH(A4, Final_Combined_Dataset!A:A, 0)) -> 32 | J4: =IF(I4<100,"Low", IF(I4<150,"Medium","High")) -> Low | K4: =IF(Final_Combined_Dataset!M4>Final_Combined_Dataset!N4, "Casual Users","Registered Users") -> Registered Users | L4: =IF(Final_Combined_Dataset!H4="Clear","Good To Go",IF(Final_Combined_Dataset!H4="Mist","Average",IF(Final_Combined_Dataset!H4="Light Snow","Bad",IF(Final_Combined_Dataset!H4="Heavy Snow","Very Risky")))) -> Good To Go
A5: 4 | B5: =INDEX(Final_Combined_Dataset!B:B, MATCH(Analysis_Helper!A5, Final_Combined_Dataset!A:A, 0)) -> 40544 | C5: =INDEX(Final_Combined_Dataset!G:G, MATCH(Analysis_Helper!A5, Final_Combined_Dataset!A:A, 0)) -> Saturday | D5: =IF(OR(TRIM(C5)="Saturday",TRIM(C5)="Sunday"),"Weekend","Weekday") -> Weekend | E5: =INDEX(Final_Combined_Dataset!F:F, MATCH(A5, Final_Combined_Dataset!A:A, 0)) -> FALSE | F5: =IF(E5=TRUE,"Holiday","Working Day") -> Working Day | G5: =INDEX(Final_Combined_Dataset!E:E, MATCH(A5, Final_Combined_Dataset!A:A, 0)) -> 3 | H5: =IF(G5<=4,"Night", IF(G5<=11,"Morning", IF(G5<=16,"Afternoon", IF(G5<=20,"Evening", "Night")))) -> Night | I5: =INDEX(Final_Combined_Dataset!O:O, MATCH(A5, Final_Combined_Dataset!A:A, 0)) -> 13 | J5: =IF(I5<100,"Low", IF(I5<150,"Medium","High")) -> Low | K5: =IF(Final_Combined_Dataset!M5>Final_Combined_Dataset!N5, "Casual Users","Registered Users") -> Registered Users | L5: =IF(Final_Combined_Dataset!H5="Clear","Good To Go",IF(Final_Combined_Dataset!H5="Mist","Average",IF(Final_Combined_Dataset!H5="Light Snow","Bad",IF(Final_Combined_Dataset!H5="Heavy Snow","Very Risky")))) -> Good To Go
A6: 5 | B6: =INDEX(Final_Combined_Dataset!B:B, MATCH(Analysis_Helper!A6, Final_Combined_Dataset!A:A, 0)) -> 40544 | C6: =INDEX(Final_Combined_Dataset!G:G, MATCH(Analysis_Helper!A6, Final_Combined_Dataset!A:A, 0)) -> Saturday | D6: =IF(OR(TRIM(C6)="Saturday",TRIM(C6)="Sunday"),"Weekend","Weekday") -> Weekend | E6: =INDEX(Final_Combined_Dataset!F:F, MATCH(A6, Final_Combined_Dataset!A:A, 0)) -> FALSE | F6: =IF(E6=TRUE,"Holiday","Working Day") -> Working Day | G6: =INDEX(Final_Combined_Dataset!E:E, MATCH(A6, Final_Combined_Dataset!A:A, 0)) -> 4 | H6: =IF(G6<=4,"Night", IF(G6<=11,"Morning", IF(G6<=16,"Afternoon", IF(G6<=20,"Evening", "Night")))) -> Night | I6: =INDEX(Final_Combined_Dataset!O:O, MATCH(A6, Final_Combined_Dataset!A:A, 0)) -> 1 | J6: =IF(I6<100,"Low", IF(I6<150,"Medium","High")) -> Low | K6: =IF(Final_Combined_Dataset!M6>Final_Combined_Dataset!N6, "Casual Users","Registered Users") -> Registered Users | L6: =IF(Final_Combined_Dataset!H6="Clear","Good To Go",IF(Final_Combined_Dataset!H6="Mist","Average",IF(Final_Combined_Dataset!H6="Light Snow","Bad",IF(Final_Combined_Dataset!H6="Heavy Snow","Very Risky")))) -> Good To Go
A7: 6 | B7: =INDEX(Final_Combined_Dataset!B:B, MATCH(Analysis_Helper!A7, Final_Combined_Dataset!A:A, 0)) -> 40544 | C7: =INDEX(Final_Combined_Dataset!G:G, MATCH(Analysis_Helper!A7, Final_Combined_Dataset!A:A, 0)) -> Saturday | D7: =IF(OR(TRIM(C7)="Saturday",TRIM(C7)="Sunday"),"Weekend","Weekday") -> Weekend | E7: =INDEX(Final_Combined_Dataset!F:F, MATCH(A7, Final_Combined_Dataset!A:A, 0)) -> FALSE | F7: =IF(E7=TRUE,"Holiday","Working Day") -> Working Day | G7: =INDEX(Final_Combined_Dataset!E:E, MATCH(A7, Final_Combined_Dataset!A:A, 0)) -> 5 | H7: =IF(G7<=4,"Night", IF(G7<=11,"Morning", IF(G7<=16,"Afternoon", IF(G7<=20,"Evening", "Night")))) -> Morning | I7: =INDEX(Final_Combined_Dataset!O:O, MATCH(A7, Final_Combined_Dataset!A:A, 0)) -> 1 | J7: =IF(I7<100,"Low", IF(I7<150,"Medium","High")) -> Low | K7: =IF(Final_Combined_Dataset!M7>Final_Combined_Dataset!N7, "Casual Users","Registered Users") -> Registered Users | L7: =IF(Final_Combined_Dataset!H7="Clear","Good To Go",IF(Final_Combined_Dataset!H7="Mist","Average",IF(Final_Combined_Dataset!H7="Light Snow","Bad",IF(Final_Combined_Dataset!H7="Heavy Snow","Very Risky")))) -> Average
A8: 7 | B8: =INDEX(Final_Combined_Dataset!B:B, MATCH(Analysis_Helper!A8, Final_Combined_Dataset!A:A, 0)) -> 40544 | C8: =INDEX(Final_Combined_Dataset!G:G, MATCH(Analysis_Helper!A8, Final_Combined_Dataset!A:A, 0)) -> Saturday | D8: =IF(OR(TRIM(C8)="Saturday",TRIM(C8)="Sunday"),"Weekend","Weekday") -> Weekend | E8: =INDEX(Final_Combined_Dataset!F:F, MATCH(A8, Final_Combined_Dataset!A:A, 0)) -> FALSE | F8: =IF(E8=TRUE,"Holiday","Working Day") -> Working Day | G8: =INDEX(Final_Combined_Dataset!E:E, MATCH(A8, Final_Combined_Dataset!A:A, 0)) -> 6 | H8: =IF(G8<=4,"Night", IF(G8<=11,"Morning", IF(G8<=16,"Afternoon", IF(G8<=20,"Evening", "Night")))) -> Morning | I8: =INDEX(Final_Combined_Dataset!O:O, MATCH(A8, Final_Combined_Dataset!A:A, 0)) -> 2 | J8: =IF(I8<100,"Low", IF(I8<150,"Medium","High")) -> Low | K8: =IF(Final_Combined_Dataset!M8>Final_Combined_Dataset!N8, "Casual Users","Registered Users") -> Casual Users | L8: =IF(Final_Combined_Dataset!H8="Clear","Good To Go",IF(Final_Combined_Dataset!H8="Mist","Average",IF(Final_Combined_Dataset!H8="Light Snow","Bad",IF(Final_Combined_Dataset!H8="Heavy Snow","Very Risky")))) -> Good To Go
A9: 8 | B9: =INDEX(Final_Combined_Dataset!B:B, MATCH(Analysis_Helper!A9, Final_Combined_Dataset!A:A, 0)) -> 40544 | C9: =INDEX(Final_Combined_Dataset!G:G, MATCH(Analysis_Helper!A9, Final_Combined_Dataset!A:A, 0)) -> Saturday | D9: =IF(OR(TRIM(C9)="Saturday",TRIM(C9)="Sunday"),"Weekend","Weekday") -> Weekend | E9: =INDEX(Final_Combined_Dataset!F:F, MATCH(A9, Final_Combined_Dataset!A:A, 0)) -> FALSE | F9: =IF(E9=TRUE,"Holiday","Working Day") -> Working Day | G9: =INDEX(Final_Combined_Dataset!E:E, MATCH(A9, Final_Combined_Dataset!A:A, 0)) -> 7 | H9: =IF(G9<=4,"Night", IF(G9<=11,"Morning", IF(G9<=16,"Afternoon", IF(G9<=20,"Evening", "Night")))) -> Morning | I9: =INDEX(Final_Combined_Dataset!O:O, MATCH(A9, Final_Combined_Dataset!A:A, 0)) -> 3 | J9: =IF(I9<100,"Low", IF(I9<150,"Medium","High")) -> Low | K9: =IF(Final_Combined_Dataset!M9>Final_Combined_Dataset!N9, "Casual Users","Registered Users") -> Registered Users | L9: =IF(Final_Combined_Dataset!H9="Clear","Good To Go",IF(Final_Combined_Dataset!H9="Mist","Average",IF(Final_Combined_Dataset!H9="Light Snow","Bad",IF(Final_Combined_Dataset!H9="Heavy Snow","Very Risky")))) -> Good To Go
A10: 9 | B10: =INDEX(Final_Combined_Dataset!B:B, MATCH(Analysis_Helper!A10, Final_Combined_Dataset!A:A, 0)) -> 40544 | C10: =INDEX(Final_Combined_Dataset!G:G, MATCH(Analysis_Helper!A10, Final_Combined_Dataset!A:A, 0)) -> Saturday | D10: =IF(OR(TRIM(C10)="Saturday",TRIM(C10)="Sunday"),"Weekend","Weekday") -> Weekend | E10: =INDEX(Final_Combined_Dataset!F:F, MATCH(A10, Final_Combined_Dataset!A:A, 0)) -> FALSE | F10: =IF(E10=TRUE,"Holiday","Working Day") -> Working Day | G10: =INDEX(Final_Combined_Dataset!E:E, MATCH(A10, Final_Combined_Dataset!A:A, 0)) -> 8 | H10: =IF(G10<=4,"Night", IF(G10<=11,"Morning", IF(G10<=16,"Afternoon", IF(G10<=20,"Evening", "Night")))) -> Morning | I10: =INDEX(Final_Combined_Dataset!O:O, MATCH(A10, Final_Combined_Dataset!A:A, 0)) -> 8 | J10: =IF(I10<100,"Low", IF(I10<150,"Medium","High")) -> Low | K10: =IF(Final_Combined_Dataset!M10>Final_Combined_Dataset!N10, "Casual Users","Registered Users") -> Registered Users | L10: =IF(Final_Combined_Dataset!H10="Clear","Good To Go",IF(Final_Combined_Dataset!H10="Mist","Average",IF(Final_Combined_Dataset!H10="Light Snow","Bad",IF(Final_Combined_Dataset!H10="Heavy Snow","Very Risky")))) -> Good To Go
A11: 10 | B11: =INDEX(Final_Combined_Dataset!B:B, MATCH(Analysis_Helper!A11, Final_Combined_Dataset!A:A, 0)) -> 40544 | C11: =INDEX(Final_Combined_Dataset!G:G, MATCH(Analysis_Helper!A11, Final_Combined_Dataset!A:A, 0)) -> Saturday | D11: =IF(OR(TRIM(C11)="Saturday",TRIM(C11)="Sunday"),"Weekend","Weekday") -> Weekend | E11: =INDEX(Final_Combined_Dataset!F:F, MATCH(A11, Final_Combined_Dataset!A:A, 0)) -> FALSE | F11: =IF(E11=TRUE,"Holiday","Working Day") -> Working Day | G11: =INDEX(Final_Combined_Dataset!E:E, MATCH(A11, Final_Combined_Dataset!A:A, 0)) -> 9 | H11: =IF(G11<=4,"Night", IF(G11<=11,"Morning", IF(G11<=16,"Afternoon", IF(G11<=20,"Evening", "Night")))) -> Morning | I11: =INDEX(Final_Combined_Dataset!O:O, MATCH(A11, Final_Combined_Dataset!A:A, 0)) -> 14 | J11: =IF(I11<100,"Low", IF(I11<150,"Medium","High")) -> Low | K11: =IF(Final_Combined_Dataset!M11>Final_Combined_Dataset!N11, "Casual Users","Registered Users") -> Casual Users | L11: =IF(Final_Combined_Dataset!H11="Clear","Good To Go",IF(Final_Combined_Dataset!H11="Mist","Average",IF(Final_Combined_Dataset!H11="Light Snow","Bad",IF(Final_Combined_Dataset!H11="Heavy Snow","Very Risky")))) -> Good To Go
A12: 11 | B12: =INDEX(Final_Combined_Dataset!B:B, MATCH(Analysis_Helper!A12, Final_Combined_Dataset!A:A, 0)) -> 40544 | C12: =INDEX(Final_Combined_Dataset!G:G, MATCH(Analysis_Helper!A12, Final_Combined_Dataset!A:A, 0)) -> Saturday | D12: =IF(OR(TRIM(C12)="Saturday",TRIM(C12)="Sunday"),"Weekend","Weekday") -> Weekend | E12: =INDEX(Final_Combined_Dataset!F:F, MATCH(A12, Final_Combined_Dataset!A:A, 0)) -> FALSE | F12: =IF(E12=TRUE,"Holiday","Working Day") -> Working Day | G12: =INDEX(Final_Combined_Dataset!E:E, MATCH(A12, Final_Combined_Dataset!A:A, 0)) -> 10 | H12: =IF(G12<=4,"Night", IF(G12<=11,"Morning", IF(G12<=16,"Afternoon", IF(G12<=20,"Evening", "Night")))) -> Morning | I12: =INDEX(Final_Combined_Dataset!O:O, MATCH(A12, Final_Combined_Dataset!A:A, 0)) -> 36 | J12: =IF(I12<100,"Low", IF(I12<150,"Medium","High")) -> Low | K12: =IF(Final_Combined_Dataset!M12>Final_Combined_Dataset!N12, "Casual Users","Registered Users") -> Registered Users | L12: =IF(Final_Combined_Dataset!H12="Clear","Good To Go",IF(Final_Combined_Dataset!H12="Mist","Average",IF(Final_Combined_Dataset!H12="Light Snow","Bad",IF(Final_Combined_Dataset!H12="Heavy Snow","Very Risky")))) -> Good To Go
A13: 12 | B13: =INDEX(Final_Combined_Dataset!B:B, MATCH(Analysis_Helper!A13, Final_Combined_Dataset!A:A, 0)) -> 40544 | C13: =INDEX(Final_Combined_Dataset!G:G, MATCH(Analysis_Helper!A13, Final_Combined_Dataset!A:A, 0)) -> Saturday | D13: =IF(OR(TRIM(C13)="Saturday",TRIM(C13)="Sunday"),"Weekend","Weekday") -> Weekend | E13: =INDEX(Final_Combined_Dataset!F:F, MATCH(A13, Final_Combined_Dataset!A:A, 0)) -> FALSE | F13: =IF(E13=TRUE,"Holiday","Working Day") -> Working Day | G13: =INDEX(Final_Combined_Dataset!E:E, MATCH(A13, Final_Combined_Dataset!A:A, 0)) -> 11 | H13: =IF(G13<=4,"Night", IF(G13<=11,"Morning", IF(G13<=16,"Afternoon", IF(G13<=20,"Evening", "Night")))) -> Morning | I13: =INDEX(Final_Combined_Dataset!O:O, MATCH(A13, Final_Combined_Dataset!A:A, 0)) -> 56 | J13: =IF(I13<100,"Low", IF(I13<150,"Medium","High")) -> Low | K13: =IF(Final_Combined_Dataset!M13>Final_Combined_Dataset!N13, "Casual Users","Registered Users") -> Registered Users | L13: =IF(Final_Combined_Dataset!H13="Clear","Good To Go",IF(Final_Combined_Dataset!H13="Mist","Average",IF(Final_Combined_Dataset!H13="Light Snow","Bad",IF(Final_Combined_Dataset!H13="Heavy Snow","Very Risky")))) -> Good To Go
A14: 13 | B14: =INDEX(Final_Combined_Dataset!B:B, MATCH(Analysis_Helper!A14, Final_Combined_Dataset!A:A, 0)) -> 40544 | C14: =INDEX(Final_Combined_Dataset!G:G, MATCH(Analysis_Helper!A14, Final_Combined_Dataset!A:A, 0)) -> Saturday | D14: =IF(OR(TRIM(C14)="Saturday",TRIM(C14)="Sunday"),"Weekend","Weekday") -> Weekend | E14: =INDEX(Final_Combined_Dataset!F:F, MATCH(A14, Final_Combined_Dataset!A:A, 0)) -> FALSE | F14: =IF(E14=TRUE,"Holiday","Working Day") -> Working Day | G14: =INDEX(Final_Combined_Dataset!E:E, MATCH(A14, Final_Combined_Dataset!A:A, 0)) -> 12 | H14: =IF(G14<=4,"Night", IF(G14<=11,"Morning", IF(G14<=16,"Afternoon", IF(G14<=20,"Evening", "Night")))) -> Afternoon | I14: =INDEX(Final_Combined_Dataset!O:O, MATCH(A14, Final_Combined_Dataset!A:A, 0)) -> 84 | J14: =IF(I14<100,"Low", IF(I14<150,"Medium","High")) -> Low | K14: =IF(Final_Combined_Dataset!M14>Final_Combined_Dataset!N14, "Casual Users","Registered Users") -> Registered Users | L14: =IF(Final_Combined_Dataset!H14="Clear","Good To Go",IF(Final_Combined_Dataset!H14="Mist","Average",IF(Final_Combined_Dataset!H14="Light Snow","Bad",IF(Final_Combined_Dataset!H14="Heavy Snow","Very Risky")))) -> Good To Go
... A1001: 1000 | B1001: =INDEX(Final_Combined_Dataset!B:B, MATCH(Analysis_Helper!A1001, Final_Combined_Dataset!A:A, 0)) -> 40588 | C1001: =INDEX(Final_Combined_Dataset!G:G, MATCH(Analysis_Helper!A1001, Final_Combined_Dataset!A:A, 0)) -> Monday | D1001: =IF(OR(TRIM(C1001)="Saturday",TRIM(C1001)="Sunday"),"Weekend","Weekday") -> Weekday | E1001: =INDEX(Final_Combined_Dataset!F:F, MATCH(A1001, Final_Combined_Dataset!A:A, 0)) -> FALSE | F1001: =IF(E1001=TRUE,"Holiday","Working Day") -> Working Day | G1001: =INDEX(Final_Combined_Dataset!E:E, MATCH(A1001, Final_Combined_Dataset!A:A, 0)) -> 7 | H1001: =IF(G1001<=4,"Night", IF(G1001<=11,"Morning", IF(G1001<=16,"Afternoon", IF(G1001<=20,"Evening", "Night")))) -> Morning | I1001: =INDEX(Final_Combined_Dataset!O:O, MATCH(A1001, Final_Combined_Dataset!A:A, 0)) -> 98 | J1001: =IF(I1001<100,"Low", IF(I1001<150,"Medium","High")) -> Low | K1001: =IF(Final_Combined_Dataset!M1001>Final_Combined_Dataset!N1001, "Casual Users","Registered Users") -> Registered Users | L1001: =IF(Final_Combined_Dataset!H1001="Clear","Good To Go",IF(Final_Combined_Dataset!H1001="Mist","Average",IF(Final_Combined_Dataset!H1001="Light Snow","Bad",IF(Final_Combined_Dataset!H1001="Heavy Snow","Very Risky")))) -> Good To Go

Sheet Pivot_Table
A1: Demand According to Weather Condition | G1: Demand Every Hour
A3: Row Labels | B3: Average of Cnt | D3: Demand on Weekday | G3: Row Labels | H3: Average of Cnt | J3: Casual VS Registered Monthly Data
A4: Average | B4: 58.595469 | G4: 0 | H4: 16.348837
A5: Bad | B5: 33.202381 | D5: Row Labels | E5: Average of Cnt | G5: 1 | H5: 10.697674 | J5: Row Labels | K5: Sum of Cnt | L5: Average of Casual | M5: Average of Registered
A6: Good To Go | B6: 61.671617 | D6: Monday | E6: 56.711409 | G6: 2 | H6: 7.1707317 | J6: January | K6: 38189 | L6: 4.4665698 | M6: 51.040698
A7: Very Risky | B7: 36 | D7: Tuesday | E7: 66.007874 | G7: 3 | H7: 4.8709677 | J7: February | K7: 20115 | L7: 5.9230769 | M7: 58.548077
A8: Grand Total | B8: 58.304 | D8: Wednesday | E8: 61.442748 | G8: 4 | H8: 2.15625 | J8: Grand Total | K8: 58304 | L8: 4.921 | M8: 53.383
D9: Thursday | E9: 67.664 | G9: 5 | H9: 4.2051282
A10: Demand According to User Type | D10: Friday | E10: 65.905797 | G10: 6 | H10: 19.571429 | J10: Total Demand on Weather Condition
D11: Saturday | E11: 46.674699 | G11: 7 | H11: 54.395349
A12: Row Labels | B12: Average of Cnt | D12: Sunday | E12: 49.518293 | G12: 8 | H12: 128.28571 | J12: Row Labels | K12: Sum of Cnt | M12: Average of Cnt
A13: Casual Users | B13: 5.7142857 | D13: Grand Total | E13: 58.304 | G13: 9 | H13: 87.428571 | J13: Average | K13: 18106 | M13: 58.304
A14: Jan | B14: 6 | G14: 10 | H14: 53.642857 | J14: Bad | K14: 2789 | M14: Average of Temp
A15: Feb | B15: 4 | G15: 11 | H15: 59.380952 | J15: Good To Go | K15: 37373 | M15: 0.2059
A16: Registered Users | B16: 58.674723 | D16: Average Count Acoording to Demand Level | G16: 12 | H16: 76.348837 | J16: Very Risky | K16: 36
A17: Jan | B17: 55.942815 | G17: 13 | H17: 78.511628 | J17: Grand Total | K17: 58304
A18: Feb | B18: 64.665595 | D18: Row Labels | E18: Average of Cnt | G18: 14 | H18: 74.418605
A19: Grand Total | B19: 58.304 | D19: High | E19: 182.16883 | G19: 15 | H19: 77.953488
D20: Low | E20: 39.782609 | G20: 16 | H20: 89.272727 | K20: Demand on Different Time Slots
D21: Medium | E21: 119.33684 | G21: 17 | H21: 140.20455
D22: Grand Total | E22: 58.304 | G22: 18 | H22: 122.86047 | K22: Row Labels | L22: Average of Cnt
G23: 19 | H23: 85.139535 | K23: Afternoon | L23: 79.347222
G24: 20 | H24: 61.767442 | K24: Evening | L24: 102.71098
G25: 21 | H25: 46.418605 | K25: Morning | L25: 58.671233
G26: 22 | H26: 35.069767 | K26: Night | L26: 19.636364
G27: 23 | H27: 25.186047 | K27: Grand Total | L27: 58.304
G28: Grand Total | H28: 58.304

Sheet DashBoard
